,repo_name,star_count,created_at,current_star_count
771,ExoFi-Labs/OllamaGTTS,39,2025-03-23 21:33:42+00:00,39
423,attilatorda/Shift-To-Middle_Array,63,2025-03-23 19:34:37+00:00,73
286,mineek/appstoretroller,80,2025-03-23 19:09:23+00:00,103
452,afshinea/stanford-cme-295-transformers-large-language-models,60,2025-03-23 16:21:44+00:00,76
633,catwithtudou/load-balancer-algorithm,44,2025-03-23 16:17:29+00:00,49
443,caioricciuti/cr-mac-helper,61,2025-03-23 15:27:15+00:00,74
397,DayuanJiang/next-ai-draw-io,66,2025-03-23 15:03:48+00:00,73
851,teddynote-lab/mcp-usecase,38,2025-03-23 13:21:52+00:00,38
519,LloydAsp/NodeQuality,52,2025-03-23 11:48:23+00:00,67
469,carlosazaustre/init-node-ts-script,57,2025-03-23 09:10:06+00:00,59
403,hakadao/CherryStudio-Aero,65,2025-03-23 08:30:17+00:00,72
526,LAOGOU-666/Comfyui-Memory_Cleanup,51,2025-03-23 05:57:52+00:00,53
345,cnguyen14/Claude_AI_Agent,72,2025-03-23 04:57:43+00:00,74
188,Solleryn/FourSniper-four.meme-sniper-bot-bsc,112,2025-03-22 21:32:20+00:00,128
41,ygwyg/diverce,328,2025-03-22 20:28:12+00:00,392
768,fivif/zay-cloud,39,2025-03-22 17:57:08+00:00,49
889,GhostWolfLab/GhostAD,38,2025-03-22 17:19:43+00:00,39
327,doloonojacky/bitcoin-mixer,74,2025-03-22 08:09:36+00:00,78
785,educatedbar/forcetypeassert,39,2025-03-21 23:18:21+00:00,52
743,melodicmedi/reverse,39,2025-03-21 23:16:43+00:00,51
760,stickyingredi/tutorial,39,2025-03-21 23:15:56+00:00,52
770,grimygravity/rux,39,2025-03-21 23:14:23+00:00,51
873,soggytonalit/splice,38,2025-03-21 23:12:04+00:00,52
821,steepritual/git-pull-request-mirror,38,2025-03-21 23:10:31+00:00,51
844,reliablefort/certtostore,38,2025-03-21 23:09:35+00:00,51
878,rudehaste/cabbie,38,2025-03-21 23:08:39+00:00,52
932,realisticmate/aukera,37,2025-03-21 23:07:53+00:00,51
988,tartvacuum/template,37,2025-03-21 23:04:00+00:00,52
788,metallicwrink/goroutine-ja,39,2025-03-21 23:02:16+00:00,52
819,lovingpawnsh/helmet,38,2025-03-21 23:00:40+00:00,52
738,physicalpar/gorm-oracle,39,2025-03-21 22:59:53+00:00,52
957,vacantreorgan/kubejob,37,2025-03-21 22:59:06+00:00,51
727,wobblytrench/tags,39,2025-03-21 22:56:39+00:00,51
852,wrongchampion/proj,38,2025-03-21 22:55:05+00:00,52
960,rosyantler/qt,37,2025-03-21 22:54:19+00:00,52
837,unusedgland/errors,38,2025-03-21 22:53:34+00:00,50
872,dampauto/colors,38,2025-03-21 22:52:48+00:00,51
900,wittyjeans/rest,38,2025-03-21 22:52:03+00:00,52
750,roughpimp/gopher,39,2025-03-21 22:50:28+00:00,53
769,bustlingstum/jsonpointer,39,2025-03-21 22:49:42+00:00,52
784,sleepyperp/redis,39,2025-03-21 22:48:56+00:00,51
721,falseplaceme/nunu-layout-advanced,40,2025-03-21 22:48:09+00:00,52
952,mustyhour/template,37,2025-03-21 22:44:48+00:00,52
731,anchoredbottl/playground,39,2025-03-21 22:44:03+00:00,53
710,suspiciouspro/opentracing,40,2025-03-21 22:43:09+00:00,52
958,acrobaticge/hints,37,2025-03-21 22:42:21+00:00,51
724,minorshield/terraform-provider-gitea,40,2025-03-21 22:41:33+00:00,52
865,polishedpol/tea,38,2025-03-21 22:40:43+00:00,52
840,wiseheifer/easygen,38,2025-03-21 22:39:52+00:00,51
867,grumpydepos/midi,38,2025-03-21 22:39:05+00:00,52
968,upbeatsamov/go-pipe,37,2025-03-21 22:36:46+00:00,52
902,charminghope/gitplm,38,2025-03-21 22:35:13+00:00,51
812,welltodocateg/sotp,38,2025-03-21 22:32:01+00:00,52
934,frailluncheo/gpt-engineer,37,2025-03-21 22:28:53+00:00,52
774,utterblowhole/go-thumbhash,39,2025-03-21 22:26:32+00:00,51
959,pushyduplexer/calculator,37,2025-03-21 22:24:15+00:00,53
905,quaintmonso/debug,38,2025-03-21 22:22:44+00:00,52
857,calculatingtr/ecrm,38,2025-03-21 22:21:59+00:00,52
839,chubbylimb/apprun-cli,38,2025-03-21 22:21:13+00:00,52
778,pastelvineyar/utils,39,2025-03-21 22:20:20+00:00,52
919,flakynewspa/fd,37,2025-03-21 22:19:34+00:00,52
918,portlyidentit/go-clap,37,2025-03-21 22:18:01+00:00,51
703,mistyshell/goopenai,40,2025-03-21 22:17:15+00:00,52
779,stripedcoll/query,39,2025-03-21 22:15:40+00:00,52
886,glaringquota/tpmk,38,2025-03-21 22:14:55+00:00,52
985,wryfirm/slicer,37,2025-03-21 22:14:10+00:00,53
791,freshnudge/source-watcher,39,2025-03-21 22:11:49+00:00,52
763,idlerainmaker/outrun,39,2025-03-21 22:11:00+00:00,51
868,notablebookin/go-boost-utils,38,2025-03-21 22:07:01+00:00,52
850,mintybriefin/yapscan,38,2025-03-21 22:06:12+00:00,52
964,wretchedqua/memsize,37,2025-03-21 22:05:23+00:00,52
923,frizzysynthe/files-converter,37,2025-03-21 22:03:46+00:00,52
759,newalmighty/pizzeria,39,2025-03-21 22:02:56+00:00,51
978,attractivecl/go-jsonrpc,37,2025-03-21 22:02:09+00:00,52
807,ironcladsuppo/fts5index,38,2025-03-21 21:58:51+00:00,52
882,hardparachut/session,38,2025-03-21 21:56:24+00:00,52
977,torncement/rfsnotify,37,2025-03-21 21:55:38+00:00,53
946,softrape/leeroyci,37,2025-03-21 21:54:51+00:00,52
966,wetchino/gotify-broadcast,37,2025-03-21 21:52:25+00:00,52
940,tenserooster/sslcli,37,2025-03-21 21:51:39+00:00,51
815,hauntinglie/branca,38,2025-03-21 21:50:52+00:00,53
843,fluffybuzz/gogen,38,2025-03-21 21:48:30+00:00,53
762,lustrousdial/wrap,39,2025-03-21 21:46:08+00:00,52
875,crazydipstick/gosax,38,2025-03-21 21:41:20+00:00,52
947,wrongexclam/gosqljson,37,2025-03-21 21:39:50+00:00,53
995,runnymagic/goss,37,2025-03-21 21:39:03+00:00,52
980,punywoodland/go-lumber,37,2025-03-21 21:38:13+00:00,52
944,malevictory/cf,37,2025-03-21 21:36:37+00:00,53
728,gentlemotorca/gomvcc,39,2025-03-21 21:29:30+00:00,52
847,shockedmonth/go-hoyolab,38,2025-03-21 21:25:41+00:00,51
989,identicalju/go-nntp,37,2025-03-21 21:24:08+00:00,51
943,honoredtrump/redis-dns-server,37,2025-03-21 21:23:19+00:00,52
817,essentialpa/dir2opds,38,2025-03-21 21:22:34+00:00,52
921,untriedwrap/s3url,37,2025-03-21 21:21:45+00:00,51
831,normalapartm/drone-gitea-release,38,2025-03-21 21:17:06+00:00,52
956,jauntyfraud/guuid,37,2025-03-21 21:16:19+00:00,52
824,colorlessdraw/adhole,38,2025-03-21 21:15:28+00:00,51
755,primarypiano/openapi-preprocessor,39,2025-03-21 21:11:36+00:00,52
751,completepin/contextio,39,2025-03-21 21:10:51+00:00,53
772,cuddlylatex/terraform-provider-docker,39,2025-03-21 21:10:03+00:00,52
929,pricklypoliti/qrlogo,37,2025-03-21 21:06:52+00:00,52
787,babyishfluge/http-over-ssh,39,2025-03-21 21:02:13+00:00,51
935,untidyconfirm/java2go,37,2025-03-21 20:59:04+00:00,52
874,frostymoron/immortal,38,2025-03-21 20:58:17+00:00,52
942,welltodopicn/mpvipc,37,2025-03-21 20:56:42+00:00,52
967,cleanjam/go-encoding,37,2025-03-21 20:52:43+00:00,52
969,quickcough/gpt-content-audit,37,2025-03-21 20:51:57+00:00,52
955,sharpcourse/protoplus,37,2025-03-21 20:49:31+00:00,51
869,jubilanttiger/gswagger,38,2025-03-21 20:48:43+00:00,52
920,easysabre/human_duration,37,2025-03-21 20:47:10+00:00,53
996,ethicalturnst/mysql-flashback,37,2025-03-21 20:40:16+00:00,52
912,lankyshort/hammer,37,2025-03-21 20:39:30+00:00,53
732,confusedtwins/dagger-go-sdk,39,2025-03-21 20:38:42+00:00,53
924,scarcehops/marlow,37,2025-03-21 20:37:53+00:00,51
917,blankmetro/marker,37,2025-03-21 20:34:01+00:00,53
863,anothercommu/mkonion,38,2025-03-21 20:33:07+00:00,53
822,soupycharm/phantom_pwn,38,2025-03-21 20:32:22+00:00,53
976,nexthummus/go2fa,37,2025-03-21 20:31:35+00:00,53
901,aliveironcla/mata,38,2025-03-21 20:30:51+00:00,52
994,wordyheadach/hcloud-ip-floater,37,2025-03-21 20:25:17+00:00,53
753,mammothdeto/btrfs,39,2025-03-21 20:22:04+00:00,52
773,welltodoincre/benchgraph,39,2025-03-21 20:18:56+00:00,50
828,esteemedshor/sample-scheduler-framework,38,2025-03-21 20:12:43+00:00,53
933,honorableag/workerpool-go,37,2025-03-21 20:11:58+00:00,53
842,draftyslime/go-pubsub,38,2025-03-21 20:07:53+00:00,52
767,exaltedmous/PiHex,39,2025-03-21 20:04:45+00:00,52
998,liquidinvesti/gluahttp,37,2025-03-21 20:03:59+00:00,53
720,feistyquest/myers-diff,40,2025-03-21 20:03:09+00:00,51
741,devotedbrief/BigSeqKit,39,2025-03-21 20:02:21+00:00,53
906,culturedmate/poker,38,2025-03-21 19:53:32+00:00,53
881,stiffcope/chdb-go,38,2025-03-21 19:52:44+00:00,52
953,leanreproces/confettysh,37,2025-03-21 19:51:54+00:00,52
951,unitedscale/fastwalk,37,2025-03-21 19:51:09+00:00,53
820,remotelibid/durationcheck,38,2025-03-21 19:50:15+00:00,52
775,fumblingwast/gettext-go,39,2025-03-21 19:48:40+00:00,52
982,informalwed/cmctl,37,2025-03-21 19:46:08+00:00,52
885,worthyhiera/gocent,38,2025-03-21 19:45:21+00:00,53
730,frozenmeaning/crt,39,2025-03-21 19:44:28+00:00,52
941,woodenwebsi/whatsapp-jpeg-repair,37,2025-03-21 19:43:41+00:00,54
997,discreteraci/goreact,37,2025-03-21 19:42:08+00:00,52
832,extraneousqu/go,38,2025-03-21 19:41:22+00:00,52
914,rewardingmo/OKEX_V5SDK_GO,37,2025-03-21 19:38:56+00:00,53
890,exoticboxspri/duckdns,38,2025-03-21 19:32:02+00:00,52
838,vacantsurpris/aceptadora,38,2025-03-21 19:31:17+00:00,52
879,attractivesuc/twitter-cleaner,38,2025-03-21 19:30:26+00:00,53
972,cooperativewi/timea.go,37,2025-03-21 19:29:38+00:00,52
719,viciousdish/parttysh,40,2025-03-21 19:28:46+00:00,52
948,deadlydrama/log,37,2025-03-21 19:27:58+00:00,52
805,icyodometer/httperr,38,2025-03-21 19:27:10+00:00,52
794,lonelytilt/tlsproxy,39,2025-03-21 19:25:28+00:00,52
903,mellowclove/ireturn,38,2025-03-21 19:22:14+00:00,52
854,rosyconditi/elastic-ci-stack-s3-secrets-hooks,38,2025-03-21 19:20:29+00:00,52
848,voluminousol/protoplugin,38,2025-03-21 19:18:08+00:00,52
737,putridcaviar/mockify,39,2025-03-21 19:15:45+00:00,53
984,hollowpump/logstash-config,37,2025-03-21 19:14:12+00:00,52
930,vigorouswalk/go-documents,37,2025-03-21 19:13:24+00:00,52
834,earlyvelodro/go-libonebot,38,2025-03-21 19:09:29+00:00,53
971,idletelevisio/notion-md-gen,37,2025-03-21 19:07:08+00:00,52
963,punctualaudi/mediacommon,37,2025-03-21 19:02:49+00:00,54
925,shyreflection/pvtop,37,2025-03-21 19:00:27+00:00,52
999,neatpond/blevex,37,2025-03-21 18:58:54+00:00,52
676,anothermusc/wait-for-port,41,2025-03-21 18:58:06+00:00,53
694,fragrantbon/gmachine,40,2025-03-21 18:56:31+00:00,53
836,lumberingpo/etw,38,2025-03-21 18:54:08+00:00,52
937,massiveimmigr/go-template,37,2025-03-21 18:53:10+00:00,52
754,thriftymusi/proxy,39,2025-03-21 18:52:24+00:00,52
802,freeresista/fastcgi-serve,39,2025-03-21 18:50:51+00:00,52
705,halfsupper/go-units,40,2025-03-21 18:50:03+00:00,53
861,radiantquanti/microservice-template-ddd,38,2025-03-21 18:46:50+00:00,52
938,sleepyhull/go-tuple,37,2025-03-21 18:45:17+00:00,52
747,infatuatedd/simplefix-go,39,2025-03-21 18:43:44+00:00,53
744,wellmadegrov/streak,39,2025-03-21 18:42:58+00:00,52
766,peskywall/sdump,39,2025-03-21 18:41:25+00:00,51
561,V0odo0/Sprite-Swap-Morph,48,2025-03-21 18:40:00+00:00,115
811,rudecue/aws-cloudmap-prometheus-sd,38,2025-03-21 18:39:42+00:00,52
829,busycabin/zone-aware-controllers-for-k8s,38,2025-03-21 18:38:53+00:00,52
780,energeticcru/shim-loggers-for-containerd,39,2025-03-21 18:38:04+00:00,52
783,bonypatent/amazon-kinesis-streams-for-fluent-bit,39,2025-03-21 18:37:17+00:00,52
814,viciouselec/amazon-kinesis-firehose-for-fluent-bit,38,2025-03-21 18:36:30+00:00,53
898,forkedflan/agekd,38,2025-03-21 18:35:44+00:00,52
876,drearyjocke/keyboard,38,2025-03-21 18:34:56+00:00,53
712,stingywitch/go-sentry-api,40,2025-03-21 18:34:07+00:00,52
704,smoggysocio/go-astikit,40,2025-03-21 18:32:34+00:00,53
740,proudprincip/pgo,39,2025-03-21 18:30:55+00:00,52
910,forcefulhor/drone-jenkins,38,2025-03-21 18:28:30+00:00,52
970,quickimporta/js,37,2025-03-21 18:27:44+00:00,52
928,staidapartmen/mynewt-mcumgr-cli,37,2025-03-21 18:26:58+00:00,53
908,smoothchick/iotdb-client-go,38,2025-03-21 18:26:11+00:00,53
801,merryvaluable/incubator-seata-k8s,39,2025-03-21 18:25:23+00:00,52
965,devotedbreak/any-sync-coordinator,37,2025-03-21 18:24:36+00:00,52
904,notedbiplan/p4runtime-go-client,38,2025-03-21 18:22:11+00:00,53
736,drabminimalis/gstl,39,2025-03-21 18:21:22+00:00,52
939,queruloussyc/strumt,37,2025-03-21 18:19:49+00:00,52
833,playfulgarm/dename,38,2025-03-21 18:17:23+00:00,52
706,identicalimp/harbor-scanner-adapter,40,2025-03-21 18:16:34+00:00,52
701,somberfatheri/redlock-go,40,2025-03-21 18:15:47+00:00,51
950,enormoussuck/enterbj,37,2025-03-21 18:14:15+00:00,52
699,pushybrickl/simplemli,40,2025-03-21 18:13:27+00:00,52
993,antiqueweapon/amd_smi_exporter,37,2025-03-21 18:12:39+00:00,52
962,immenseskull/localcache,37,2025-03-21 18:09:28+00:00,52
893,unhappyhexag/langx,38,2025-03-21 18:08:40+00:00,52
931,loosenurse/selenosis,37,2025-03-21 18:07:54+00:00,52
983,lawfulvodka/go-serial,37,2025-03-21 18:07:07+00:00,51
896,worldlymajorl/q,38,2025-03-21 18:05:31+00:00,54
862,shortshow/grpc-gateway-client,38,2025-03-21 18:04:43+00:00,52
860,happywingtip/ambassador-auth-oidc,38,2025-03-21 18:01:36+00:00,52
818,marriedroute/timeliner,38,2025-03-21 17:58:29+00:00,52
883,dependentbic/rudolph,38,2025-03-21 17:57:39+00:00,52
748,athleticasse/etcd-diagnosis,39,2025-03-21 17:56:53+00:00,52
799,jitteryteriya/simplepir,39,2025-03-21 17:56:01+00:00,52
746,trivialbudg/opentelemetry-go,39,2025-03-21 17:55:16+00:00,52
693,sillyethyl/golua,40,2025-03-21 17:53:39+00:00,52
782,delayedbutan/fast,39,2025-03-21 17:51:18+00:00,52
35,microsoft/playwright-mcp,359,2025-03-21 17:48:36+00:00,438
749,grizzledrat/getting-started-with-golang,39,2025-03-21 17:48:13+00:00,53
853,mortifiedas/gonbdserver,38,2025-03-21 17:47:27+00:00,52
888,kindraisin/svmkit,38,2025-03-21 17:46:34+00:00,53
907,adoredvalid/go-chatgpt,38,2025-03-21 17:45:02+00:00,52
795,visiblehubca/JoiAsk,39,2025-03-21 17:43:23+00:00,53
871,overjoyedli/EBurstGo,38,2025-03-21 17:41:00+00:00,52
717,jubilantsecu/go-ord-tx,40,2025-03-21 17:39:23+00:00,53
806,physicalvaria/Chronos,38,2025-03-21 17:38:34+00:00,52
752,exaltedsoft/VQLite,39,2025-03-21 17:37:02+00:00,52
813,slushycrazy/solparser,38,2025-03-21 17:35:26+00:00,52
823,clutteredadv/otel-kafka-konsumer,38,2025-03-21 17:34:40+00:00,52
729,scarysultan/go-proxy-checker,39,2025-03-21 17:33:08+00:00,52
793,powerlessengi/Goby_POC,39,2025-03-21 17:30:42+00:00,53
891,foolhardywh/goconf,38,2025-03-21 17:29:57+00:00,52
897,desertedaffin/govulncheck-action,38,2025-03-21 17:29:10+00:00,52
880,faithfulanal/CalendarProxy,38,2025-03-21 17:28:24+00:00,52
975,monumentalg/WhatChatGPT,37,2025-03-21 17:27:38+00:00,52
974,betterslapsti/TaskEaseGPT,37,2025-03-21 17:26:51+00:00,52
826,VAST-AI-Research/tripo-mcp,38,2025-03-21 17:26:26+00:00,44
899,whimsicalfibe/go-graph,38,2025-03-21 17:26:01+00:00,52
845,wiltedfaithfu/HLSE-Hogwarts-Legacy-Save-Editor,38,2025-03-21 17:22:43+00:00,52
892,carefreegarb/CVE-2024-50379,38,2025-03-21 17:20:13+00:00,53
830,lastexcess/sysv_mq,38,2025-03-21 17:18:30+00:00,54
835,burlynonbel/droplet,38,2025-03-21 17:16:52+00:00,53
825,triangularbe/sing-shadowsocks,38,2025-03-21 17:11:14+00:00,53
979,nastyvixen/tello,37,2025-03-21 17:10:29+00:00,52
915,overlookedmot/roles,37,2025-03-21 17:09:43+00:00,52
870,madeuppincene/gotaskr,38,2025-03-21 17:08:12+00:00,53
927,cornycabana/nomad-driver-iis,37,2025-03-21 17:07:25+00:00,53
990,brownjournal/srslog,37,2025-03-21 17:04:15+00:00,53
827,faithfuldete/PSFuzz,38,2025-03-21 17:02:43+00:00,52
877,wrathfullesso/PromptPal,38,2025-03-21 17:01:55+00:00,53
789,extralargepl/belajar-golang-dasar-2023,39,2025-03-21 17:01:06+00:00,52
735,illpolitics/friends,39,2025-03-21 16:59:31+00:00,52
841,punyfederati/posthog-go,38,2025-03-21 16:58:43+00:00,52
916,tidycombat/bitty,37,2025-03-21 16:57:08+00:00,53
954,meekexperimen/permify-go,37,2025-03-21 16:56:21+00:00,53
859,barejunk/go-aws-ssm,38,2025-03-21 16:54:47+00:00,52
856,peacefulwarmt/Designing-Microservices-Platforms-with-NATS,38,2025-03-21 16:53:05+00:00,52
926,thoroughwhey/gocook,37,2025-03-21 16:51:29+00:00,52
792,essentialcup/cjk-romanizer,39,2025-03-21 16:50:42+00:00,53
895,fuzzyillusion/feed2imap-go,38,2025-03-21 16:48:17+00:00,52
711,thisrake/gomailer,40,2025-03-21 16:46:44+00:00,51
961,profitablein/gontainer,37,2025-03-21 16:45:56+00:00,52
734,enormouspre/go-term-text,39,2025-03-21 16:45:09+00:00,52
864,writhingveget/lowstack-certify,38,2025-03-21 16:44:23+00:00,53
803,excellentsumm/mosproxy,39,2025-03-21 16:43:36+00:00,54
15,Zouuup/landrun,626,2025-03-21 16:31:47+00:00,1031
392,Shpendrr/react-clean-architecture,66,2025-03-21 15:12:24+00:00,97
351,xxnuo/serverless-markdown-convertor,71,2025-03-21 13:03:53+00:00,249
331,daggermrsnowman4/Brookhaven,73,2025-03-21 11:44:36+00:00,79
153,wel55mammamia/Blender-Full,127,2025-03-21 11:37:41+00:00,136
318,alphamazayded/RIVALS,74,2025-03-21 11:36:29+00:00,79
309,lubbe102/Combat,76,2025-03-21 11:34:31+00:00,79
400,asimuymym7/cs2-external-esp,65,2025-03-21 11:28:00+00:00,58
328,robotvonmarus79/tdsscript,74,2025-03-21 11:23:11+00:00,79
422,liveevillopd1998/Adguard-Premium-Download,63,2025-03-21 11:22:20+00:00,52
310,wringamaep/Blox-scr,76,2025-03-21 11:21:37+00:00,79
365,fordingakiko64/Cheat-CS2,69,2025-03-21 11:19:47+00:00,58
335,masterroma919/Anime-R,73,2025-03-21 11:15:14+00:00,79
312,brooklinmouth2002/AdoptMe,76,2025-03-21 11:12:43+00:00,79
168,kaelrusty26/Canva-Premium,124,2025-03-21 11:12:43+00:00,135
342,mimicsaw70/Fortnite-Cheat-PasterX,72,2025-03-21 11:07:07+00:00,58
156,skechprogibator4/Alien-Crypter-Source-Code-Net-Native,127,2025-03-21 11:04:14+00:00,135
387,kingmankffe/petsim,67,2025-03-21 11:03:04+00:00,73
145,manciarancor555/Microsoft-Excel,129,2025-03-21 11:01:28+00:00,135
176,flamebearer102/MP3-Tag-Editor-Full,118,2025-03-21 11:01:17+00:00,130
325,leivyfrank1/Criminality,74,2025-03-21 10:57:00+00:00,79
292,ladyluck20promen/Baddies,78,2025-03-21 10:56:54+00:00,79
132,youritchfirefly85/VALORANT-EFI-DRIVER-Cheat-Hack,134,2025-03-21 10:55:38+00:00,135
147,mcnaryfreddy86/SpongeBob-Tower-Defense-Script,128,2025-03-21 10:54:48+00:00,135
346,ripkronos683/petsgo,72,2025-03-21 10:54:37+00:00,79
307,baneagle7/WarTycoon,76,2025-03-21 10:50:26+00:00,79
162,zerro778/ReiBoot-Pro-11.1.1-With-Registration-Code-Download-2025,125,2025-03-21 10:49:30+00:00,135
359,tort86thepunisher/Fortnite-Cheat-TimeFN,70,2025-03-21 10:46:30+00:00,58
167,wayne45matteoscott/fischtxt,124,2025-03-21 10:44:24+00:00,135
299,tavi2002/Anime,77,2025-03-21 10:43:25+00:00,79
414,deddingcobra1/Haikyuu,64,2025-03-21 10:40:28+00:00,49
301,popsdreambelieer39/Jujutsu,77,2025-03-21 10:40:13+00:00,79
148,optimistvovahitman/A-Universal-Time-4.3-Script,128,2025-03-21 10:39:17+00:00,135
364,blisterbray817/Fortnite-Cheat-Vane.cc,70,2025-03-21 10:35:28+00:00,58
315,foreversmilelade65/adusty,75,2025-03-21 10:34:43+00:00,79
419,mrkat65howfaralice/EaseUS-Todo-Backup-Home-Download,64,2025-03-21 10:34:35+00:00,58
360,taros95gekata/Heroes,70,2025-03-21 10:33:52+00:00,79
146,gamerquantcmepthuk/Autodesk-Inventor,129,2025-03-21 10:32:01+00:00,135
374,winch208/Covert-Valorant-Cheat,68,2025-03-21 10:31:52+00:00,58
379,tarosgolden/Undetected-Ioctl-Driver,68,2025-03-21 10:28:48+00:00,58
151,linkolnejykbtanke/Archicad-Full,128,2025-03-21 10:28:38+00:00,135
337,simpotniidragonx75/Dandys,73,2025-03-21 10:26:21+00:00,79
165,akulascottcaan2002/Revo-Uninstaller-Pro,124,2025-03-21 10:25:28+00:00,135
391,ateistsley/HorseLife,66,2025-03-21 10:25:12+00:00,49
357,funnybunnyes58/Fortnite-Internal,70,2025-03-21 10:22:56+00:00,58
295,mubokoxredos/mm2script,78,2025-03-21 10:18:55+00:00,79
270,scooterendless37/1aq-CounterStrike2q,84,2025-03-21 10:15:26+00:00,94
323,dryoriginalmen/Emergency,74,2025-03-21 10:14:34+00:00,79
137,eatmeatlasair1998/Microsoft-PowerPoint,132,2025-03-21 10:11:53+00:00,135
324,winchnikefeed25/Anime-L,74,2025-03-21 10:09:01+00:00,79
154,ahoa1998/Blum-Crypto-Trading-Bot-P2P-Chain-Exchange-blumcrypto-Farm-Hack-Cheat,127,2025-03-21 10:08:20+00:00,135
319,dirocco44yeniceri/Car-Trainin,74,2025-03-21 10:04:55+00:00,79
338,fatalikurael35/Fortnite-Offsets,72,2025-03-21 10:04:40+00:00,58
161,hippofatlo/Bandicam-Full,126,2025-03-21 09:55:21+00:00,135
350,herryrennix/autscript,71,2025-03-21 09:53:09+00:00,79
317,chippen305/Fortnite-Cheat-Zoid-Source,74,2025-03-21 09:52:29+00:00,58
375,gabbymaverig2002/1ac-JetBrains-PyCharmc,68,2025-03-21 09:51:22+00:00,58
143,dittisking574/Forgotten-Runiverse-Crypto-Bot-Crypto-Game-Auto-Farm-Clicker-Cheat-Api,129,2025-03-21 09:49:14+00:00,135
341,crystalrest337/Fortnite-Auto-Fire,72,2025-03-21 09:45:29+00:00,58
411,dedding15/aotscript,65,2025-03-21 09:43:21+00:00,49
329,sabreannagold9/bssscript,73,2025-03-21 09:40:20+00:00,79
133,broomesquire2002/bloxlua,134,2025-03-21 09:40:12+00:00,135
138,evitelnerlucky/WpCracker,130,2025-03-21 09:40:06+00:00,135
395,monknaturalcrown13/Updated-Fortnite-External,66,2025-03-21 09:39:58+00:00,58
294,colytranstom/BedWars,78,2025-03-21 09:37:18+00:00,79
339,brinklyrix502/Fortnite-External-Cheat,72,2025-03-21 09:33:34+00:00,58
131,prisspring206/FL-Studio-Full,135,2025-03-21 09:31:24+00:00,135
313,bumpkingejior/Deepwoken,76,2025-03-21 09:30:47+00:00,79
407,AabyssZG/NavicatPwn,65,2025-03-21 03:12:21+00:00,219
191,paulengstler/syncity,110,2025-03-20 20:08:35+00:00,351
687,zippoblack1998/Seliware-Executor,41,2025-03-20 14:13:02+00:00,73
584,herryolivermoss/Roblox-Celery,47,2025-03-20 14:00:03+00:00,73
641,heartsoundatomy59/Arceus-Executor,43,2025-03-20 13:45:21+00:00,72
556,kingfisheroclocko/Seliware-Executor,49,2025-03-20 13:43:33+00:00,73
541,numlock939/Seliware-Executor,49,2025-03-20 13:33:51+00:00,73
546,pushslasher1/Codex-Roblox,49,2025-03-20 13:28:17+00:00,72
656,blisterheadshot2/Arceus-Executor,42,2025-03-20 13:27:14+00:00,72
572,uffflypeople2002/Codex-Roblox,48,2025-03-20 13:27:14+00:00,72
631,derafehaeuphoria/Carbon-Executor,44,2025-03-20 13:22:10+00:00,72
635,sosokadmina835/Roblox-Oxygen,44,2025-03-20 13:20:23+00:00,72
597,wotgriefer97/Roblox-Synapse,46,2025-03-20 13:17:18+00:00,72
589,superbrotap7/Roblox-Krampus,47,2025-03-20 13:07:58+00:00,72
579,lorddragonstar282/Argon-Executor,47,2025-03-20 13:06:29+00:00,72
576,sweetger2zekeplays/Nevermiss,47,2025-03-20 13:05:20+00:00,72
552,modinisthebestolob/Roblox-Celery,49,2025-03-20 12:59:10+00:00,72
586,odas40typokyctuk/DX9WARE-Roblox,47,2025-03-20 12:58:25+00:00,72
250,blossombutt49/Cryptic-Executor,90,2025-03-20 12:55:43+00:00,95
278,mylifedebaf820/Roblox-Moon,82,2025-03-20 12:55:16+00:00,95
263,charterdezlife2002/Velocity-Executor,86,2025-03-20 12:52:08+00:00,112
598,mistierudi/Roblox-Celery,46,2025-03-20 12:49:07+00:00,72
273,negativebyrator31/Scriptware-Executer,84,2025-03-20 12:44:08+00:00,95
559,fromkaktak/Seliware-Executor,48,2025-03-20 12:37:46+00:00,72
283,pinballspear805/Roblox-Wiki,80,2025-03-20 12:35:38+00:00,112
297,kukufunnystar2002/MantiWPF-Executor,78,2025-03-20 12:31:46+00:00,111
621,themaxdit18stalker/Roblox-Celery,45,2025-03-20 11:38:13+00:00,60
530,dwertipy95/Roblox-Oxygen,51,2025-03-20 11:24:54+00:00,62
219,Bengerthelorf/macIconChanger,100,2025-03-20 05:29:11+00:00,117
708,joshuayoes/ios-simulator-mcp,40,2025-03-20 02:39:27+00:00,64
31,roboflow/rf-detr,458,2025-03-19 20:43:00+00:00,902
141,ahujasid/ableton-mcp,130,2025-03-19 17:00:09+00:00,672
244,DesertScripts/grass-bot,93,2025-03-19 13:26:48+00:00,147
477,jae-jae/fetcher-mcp,57,2025-03-19 10:54:49+00:00,377
644,Eclipsess/Awesome-Efficient-Reasoning-LLMs,43,2025-03-19 07:43:22+00:00,112
604,IlyaRice/RAG-Challenge-2,46,2025-03-19 04:48:45+00:00,76
46,sail-sg/understand-r1-zero,313,2025-03-19 03:22:52+00:00,553
909,zju3dv/Murre,38,2025-03-18 18:01:42+00:00,129
420,abeltorinop/Mev-bot-BNB-ARBITRAGE,64,2025-03-18 17:24:18+00:00,110
637,zhaorw02/DeepMesh,44,2025-03-18 15:41:03+00:00,297
240,justinpbarnett/unity-mcp,94,2025-03-18 11:01:58+00:00,872
449,knoveleng/open-rs,60,2025-03-18 04:07:48+00:00,95
638,google-deepmind/mujoco_warp,44,2025-03-17 22:35:01+00:00,190
498,facebookresearch/sonata,54,2025-03-17 17:55:00+00:00,116
39,TecharoHQ/anubis,337,2025-03-17 17:35:28+00:00,1550
709,timqian/bambot,40,2025-03-17 15:19:05+00:00,321
565,Xenondevmc/Oringo-Client,48,2025-03-17 14:35:20+00:00,136
210,BytedTsinghua-SIA/DAPO,103,2025-03-17 14:29:24+00:00,763
306,RUSOCIAL-SU/DiscordMassDMTool,76,2025-03-17 13:22:48+00:00,65
580,abiosoft/mold,47,2025-03-17 08:16:48+00:00,55
371,cncsnet1/jadx-gui-ai,69,2025-03-17 02:17:48+00:00,199
125,sonnylazuardi/cursor-talk-to-figma-mcp,141,2025-03-16 16:45:37+00:00,1520
0,mindverse/Second-Me,2018,2025-03-16 04:06:05+00:00,4954
936,MicheleVerriello/ai-terminal,37,2025-03-15 12:31:58+00:00,49
266,giacomo-b/rust-stakeholder,85,2025-03-15 10:36:48+00:00,1949
204,SkyworkAI/Skywork-R1V,106,2025-03-15 08:11:44+00:00,889
343,KalyanKS-NLP/rag-zero-to-hero-guide,72,2025-03-15 05:44:43+00:00,571
516,SimonBolivarPy/vault-decode-py,52,2025-03-14 22:18:20+00:00,121
525,shaxiu/XianyuAutoAgent,51,2025-03-14 18:22:25+00:00,1038
196,langmanus/langmanus-web,109,2025-03-14 15:37:37+00:00,573
433,KwaiVGI/ReCamMaster,62,2025-03-14 12:42:53+00:00,694
577,jorben/markpdfdown,47,2025-03-14 09:02:36+00:00,501
174,xxnuo/serverless-qrcode-hub,119,2025-03-14 08:21:22+00:00,1020
625,Ray-D-Song/goread,44,2025-03-14 03:45:50+00:00,58
21,manycore-research/SpatialLM,535,2025-03-14 01:50:51+00:00,2142
45,aigc3d/LHM,314,2025-03-13 18:48:56+00:00,827
386,ZeyueT/AudioX,67,2025-03-13 10:18:21+00:00,284
280,greg-randall/memento-mori,81,2025-03-12 16:03:26+00:00,138
470,CentyLab/RotoPD,57,2025-03-12 08:18:50+00:00,62
517,Roblox/cube,52,2025-03-11 22:09:47+00:00,408
87,NVIDIA/Isaac-GR00T,199,2025-03-11 18:34:24+00:00,2616
495,quantumvoid0/better-control,54,2025-03-11 08:21:38+00:00,95
660,SUFE-AIFLM-Lab/Fin-R1,42,2025-03-11 08:04:07+00:00,171
182,openai/openai-agents-python,114,2025-03-11 03:42:36+00:00,7060
88,modelcontextprotocol/csharp-sdk,192,2025-03-10 18:17:41+00:00,581
816,badboysm890/ClaraVerse,38,2025-03-10 17:37:36+00:00,255
887,deepshit2025/tuboshu,38,2025-03-10 16:34:20+00:00,301
393,TheAgenticAI/CortexON,66,2025-03-10 13:51:08+00:00,150
506,vas3k/TaxHacker,53,2025-03-10 13:25:27+00:00,117
444,nikmcfly/ANUS,61,2025-03-09 18:45:54+00:00,5214
650,KalyanKS-NLP/llm-engineer-toolkit,43,2025-03-09 11:07:31+00:00,2835
529,ezyang/codemcp,51,2025-03-09 03:58:34+00:00,893
396,casparwylie/cascii-core,66,2025-03-08 13:06:48+00:00,679
79,canopyai/Orpheus-TTS,227,2025-03-08 03:41:54+00:00,2703
4,langmanus/langmanus,1008,2025-03-08 01:05:32+00:00,4479
655,f3liiix/nav-site,42,2025-03-07 22:09:33+00:00,74
75,ahujasid/blender-mcp,232,2025-03-07 09:58:58+00:00,8195
144,FareedKhan-dev/all-rag-techniques,129,2025-03-07 09:30:06+00:00,972
378,OpenManus/OpenManus-RL,68,2025-03-06 19:01:51+00:00,1879
22,mannaandpoem/OpenManus,532,2025-03-06 14:08:14+00:00,39402
461,x1xhlol/system-prompts-and-models-of-ai-tools,58,2025-03-05 16:38:29+00:00,6137
76,eyaltoledano/claude-task-master,232,2025-03-04 18:54:54+00:00,259
60,ConardLi/easy-dataset,259,2025-03-04 16:14:14+00:00,3396
197,lynx-family/lynx,108,2025-03-04 07:41:43+00:00,10958
89,wdanilo/crabtime,192,2025-03-04 06:34:46+00:00,1302
134,ai-dynamo/dynamo,134,2025-03-03 18:40:07+00:00,3105
30,camel-ai/owl,481,2025-03-03 15:42:51+00:00,14002
602,123f321/datacon24_vuln_wp,46,2025-03-03 07:27:47+00:00,94
123,Deluxer/oliva,143,2025-03-02 18:18:32+00:00,226
201,dairoot/Grok-Mirror,106,2025-03-01 04:08:03+00:00,338
553,PeterGriffinJin/Search-R1,49,2025-02-28 15:14:47+00:00,1384
32,SesameAILabs/csm,446,2025-02-26 15:38:54+00:00,11378
205,alexpfau/calendar-card-pro,105,2025-02-26 10:42:41+00:00,337
485,DioCrafts/OxiCloud,56,2025-02-26 10:36:04+00:00,70
320,Yuri-NagaSaki/ImageFlow,74,2025-02-26 03:07:45+00:00,196
247,MaiM-with-u/MaiBot,91,2025-02-25 16:05:07+00:00,1396
236,Wan-Video/Wan2.1,95,2025-02-25 11:49:33+00:00,9009
483,dvcrn/mcp-server-siri-shortcuts,56,2025-02-25 09:40:16+00:00,82
57,SparkAudio/Spark-TTS,263,2025-02-25 01:29:36+00:00,6048
692,rmurai0610/MASt3R-SLAM,41,2025-02-24 16:18:37+00:00,1587
149,mr-fatalyst/fastopenapi,128,2025-02-23 16:12:09+00:00,294
476,anthropics/claude-code,57,2025-02-22 17:41:21+00:00,6759
620,u14app/deep-research,45,2025-02-22 03:29:07+00:00,574
657,Shiran-Yuan/ArchonView,42,2025-02-21 18:49:22+00:00,45
611,MashiroSaber03/Saber-Translator,45,2025-02-20 08:53:17+00:00,307
455,Fosowl/agenticSeek,59,2025-02-19 18:03:06+00:00,581
405,Stability-AI/stable-virtual-camera,65,2025-02-19 14:36:47+00:00,910
169,facebookresearch/vggt,122,2025-02-18 18:32:14+00:00,2819
548,SirSevrus/krnl-executor,49,2025-02-18 10:01:37+00:00,52
515,bmadcode/cursor-auto-rules-agile-workflow,52,2025-02-16 00:11:39+00:00,661
442,belastrittmatter/Framely,61,2025-02-15 11:24:30+00:00,217
468,nerding-io/n8n-nodes-mcp,57,2025-02-14 11:22:21+00:00,608
51,bytedance/InfiniteYou,288,2025-02-14 03:55:31+00:00,745
100,GLips/Figma-Context-MCP,169,2025-02-13 02:55:06+00:00,3009
13,StrayMeteor3337/WechatRealFriends,661,2025-02-12 09:44:34+00:00,2763
69,oomol-lab/pdf-craft,239,2025-02-12 06:10:59+00:00,583
202,linshenkx/prompt-optimizer,106,2025-02-12 06:06:49+00:00,1818
522,phpacker/phpacker,51,2025-02-11 22:55:12+00:00,191
152,AgentDeskAI/browser-tools-mcp,128,2025-02-10 09:20:38+00:00,2184
610,SpaceTimee/Fusion-JetBrainsMapleMono,45,2025-02-10 08:15:39+00:00,1074
220,jez500/pricebuddy,100,2025-02-09 23:49:51+00:00,132
412,LearningCircuit/local-deep-research,64,2025-02-09 15:41:32+00:00,1847
493,armankhondker/awesome-ai-ml-resources,54,2025-02-09 00:12:17+00:00,2723
473,zilliztech/deep-searcher,57,2025-02-08 02:07:05+00:00,4794
678,coleam00/Archon,41,2025-02-07 21:04:12+00:00,2642
991,om-ai-lab/VLM-R1,37,2025-02-06 16:12:30+00:00,4302
326,HKUDS/AutoAgent,74,2025-02-06 12:47:15+00:00,3221
509,oxylabs/free-proxy-list,53,2025-02-06 07:41:46+00:00,289
410,dzhng/deep-research,65,2025-02-04 01:27:56+00:00,14916
447,liveblocks/frimousse,60,2025-02-03 15:21:06+00:00,663
322,xinnan-tech/xiaozhi-esp32-server,74,2025-02-02 14:25:16+00:00,2640
135,vladelaina/Catime,133,2025-01-28 10:07:53+00:00,731
93,Xoconoch/spotizerr,184,2025-01-25 14:19:32+00:00,632
460,huggingface/open-r1,59,2025-01-24 15:44:11+00:00,23234
170,Tencent/Hunyuan3D-2,122,2025-01-21 05:21:35+00:00,7856
639,modelcontextprotocol/java-sdk,44,2025-01-20 17:52:58+00:00,514
117,deepseek-ai/DeepSeek-R1,149,2025-01-20 11:57:28+00:00,87304
2,bytedance/UI-TARS-desktop,1741,2025-01-19 09:04:43+00:00,6170
72,bytedance/UI-TARS,237,2025-01-19 09:04:17+00:00,3326
106,luis22d/ZeroTrace-Panel,158,2025-01-18 01:15:27+00:00,213
198,huggingface/agents-course,108,2025-01-16 19:50:22+00:00,15141
514,antfu/node-modules-inspector,52,2025-01-16 07:40:07+00:00,1594
562,eastlondoner/cursor-tools,48,2025-01-13 15:03:33+00:00,3273
480,punkpeye/awesome-mcp-clients,56,2025-01-11 10:11:05+00:00,846
91,yeongpin/cursor-free-vip,186,2025-01-11 08:14:22+00:00,4151
545,TermoraDev/termora,49,2025-01-02 02:41:09+00:00,1243
262,browser-use/web-ui,86,2025-01-02 01:29:44+00:00,9962
558,nanobrowser/nanobrowser,49,2024-12-31 08:11:27+00:00,4020
332,LLMQuant/quant-wiki,73,2024-12-29 14:28:31+00:00,1122
11,FFmpeg/asm-lessons,733,2024-12-28 19:50:54+00:00,3761
302,chengazhen/cursor-auto-free,77,2024-12-28 14:22:25+00:00,7185
571,azolfagharj/DloadBox,48,2024-12-27 07:53:54+00:00,55
126,deepseek-ai/DeepSeek-V3,139,2024-12-26 09:52:40+00:00,92966
50,GuijiAI/HeyGem.ai,288,2024-12-24 03:00:26+00:00,4441
402,The-Pocket/PocketFlow,65,2024-12-24 02:43:30+00:00,1267
116,JMasann/JMComic,150,2024-12-23 14:40:39+00:00,165
272,lastmile-ai/mcp-agent,84,2024-12-18 01:55:10+00:00,1760
86,jiangrui1994/CloudSaver,201,2024-12-17 03:25:50+00:00,1284
311,xiaoxiunique/x-kit,76,2024-12-16 03:05:01+00:00,491
361,amd/gaia,70,2024-12-16 01:25:56+00:00,185
608,addyosmani/squish,45,2024-12-15 05:43:22+00:00,796
534,deskree-inc/nanoservice-ts,50,2024-12-13 16:47:42+00:00,441
500,bytedance/LatentSync,54,2024-12-11 10:32:54+00:00,3236
49,computerhistory/AlexNet-Source-Code,290,2024-12-09 19:41:17+00:00,1624
206,raspberrypi/rpi-image-gen,105,2024-12-09 11:18:43+00:00,357
56,yuaotian/go-cursor-help,264,2024-12-09 07:07:09+00:00,16495
230,sinclairtarget/git-who,98,2024-12-07 12:44:02+00:00,1569
723,NB-Group/NB_Music,40,2024-12-06 12:23:26+00:00,248
238,mendableai/firecrawl-mcp-server,95,2024-12-06 07:50:27+00:00,1725
214,huggingface/smolagents,103,2024-12-05 11:28:04+00:00,15609
78,langchain-ai/local-deep-researcher,229,2024-12-04 23:57:20+00:00,6396
34,wonderwhy-er/ClaudeDesktopCommander,375,2024-12-04 08:26:08+00:00,764
172,executeautomation/mcp-playwright,121,2024-12-03 18:43:20+00:00,1465
10,punkpeye/awesome-mcp-servers,739,2024-11-30 04:49:10+00:00,14807
445,jlowin/fastmcp,61,2024-11-30 01:47:40+00:00,1767
43,virattt/ai-hedge-fund,323,2024-11-29 16:30:01+00:00,19116
786,appcypher/awesome-mcp-servers,39,2024-11-28 23:53:45+00:00,1999
8,microsoft/ai-agents-for-beginners,874,2024-11-28 10:42:52+00:00,6015
279,mark3labs/mcp-go,81,2024-11-27 12:38:33+00:00,1081
428,thepersonalaicompany/amurex,63,2024-11-26 16:09:12+00:00,2142
7,modelcontextprotocol/servers,901,2024-11-19 01:10:17+00:00,24065
479,Gurubase/gurubase,57,2024-11-15 10:45:51+00:00,498
112,microsoft/markitdown,154,2024-11-13 19:56:40+00:00,41308
450,hyz317/StdGEN,60,2024-11-10 05:26:38+00:00,246
246,inkonchain/ink-kit,91,2024-11-04 16:32:17+00:00,34994
226,community-scripts/ProxmoxVE,99,2024-11-01 14:06:43+00:00,12814
95,RooVetGit/Roo-Code,178,2024-10-31 17:56:50+00:00,8841
12,browser-use/browser-use,672,2024-10-31 16:00:56+00:00,47761
233,volcengine/verl,96,2024-10-31 06:11:15+00:00,5567
756,WEIFENG2333/VideoCaptioner,39,2024-10-31 03:06:23+00:00,5592
185,Cryakl/Ransomware-Database,113,2024-10-30 17:51:51+00:00,196
632,HyDE-Project/HyDE,44,2024-10-26 07:06:20+00:00,1415
110,patchy631/ai-engineering-hub,155,2024-10-21 10:43:24+00:00,6650
557,SheepChef/Abracadabra,49,2024-10-20 16:37:27+00:00,915
492,stackblitz-labs/bolt.diy,54,2024-10-13 18:40:54+00:00,13820
289,readest/readest,79,2024-10-12 23:16:55+00:00,5589
619,i486girl/win7-sp2,45,2024-10-10 14:38:25+00:00,95
334,Flowseal/zapret-discord-youtube,73,2024-10-08 20:02:28+00:00,11273
665,SWivid/F5-TTS,42,2024-10-08 13:36:55+00:00,10674
475,modelcontextprotocol/inspector,57,2024-10-03 21:47:42+00:00,1005
421,HKUDS/LightRAG,64,2024-10-02 11:57:54+00:00,13075
160,fosrl/pangolin,126,2024-09-27 02:16:47+00:00,4281
67,modelcontextprotocol/python-sdk,246,2024-09-24 21:01:35+00:00,5353
173,modelcontextprotocol/typescript-sdk,120,2024-09-24 20:45:31+00:00,3229
603,PySpur-Dev/pyspur,46,2024-09-23 17:24:52+00:00,3878
179,ourongxing/newsnow,115,2024-09-23 14:16:12+00:00,5013
382,microsoft/OmniParser,67,2024-09-20 05:18:18+00:00,20998
177,microsoft/typescript-go,117,2024-09-19 20:25:12+00:00,18370
353,allenai/olmocr,70,2024-09-17 14:53:40+00:00,10376
74,PatrickJS/awesome-cursorrules,234,2024-09-16 15:38:38+00:00,17528
765,kro-run/kro,39,2024-09-12 17:34:32+00:00,1566
47,NirDiamant/GenAI_Agents,309,2024-09-09 20:10:19+00:00,9545
363,alibaba/spring-ai-alibaba,70,2024-09-09 01:35:50+00:00,1274
267,Byaidu/PDFMathTranslate,85,2024-09-06 06:56:03+00:00,19243
187,Onelevenvy/flock,112,2024-09-04 01:21:01+00:00,667
686,aidenybai/react-scan,41,2024-09-02 21:52:12+00:00,17216
478,kodu-ai/claude-coder,57,2024-09-01 13:42:47+00:00,2072
142,78/xiaozhi-esp32,129,2024-08-31 10:08:16+00:00,9745
456,QwenLM/Qwen2.5-VL,59,2024-08-29 08:30:38+00:00,9015
287,block/goose,80,2024-08-23 19:03:36+00:00,10784
539,git-jiadong/wechatDataBackup,50,2024-08-15 13:57:52+00:00,3452
271,yetone/avante.nvim,84,2024-08-14 16:45:16+00:00,11522
648,linyqh/NarratoAI,43,2024-08-12 13:29:01+00:00,4292
208,SakanaAI/AI-Scientist,104,2024-08-12 09:32:55+00:00,10318
119,getzep/graphiti,145,2024-08-08 22:08:30+00:00,2651
195,mastra-ai/mastra,109,2024-08-06 20:44:31+00:00,11185
281,DavidHDev/react-bits,81,2024-08-06 06:54:54+00:00,9549
609,luhengshiwo/LLMForEverybody,45,2024-08-05 07:28:49+00:00,1975
849,stephengpope/no-code-architects-toolkit,38,2024-08-03 22:47:08+00:00,461
549,mihomo-party-org/mihomo-party,49,2024-08-02 00:38:23+00:00,10743
436,microsoft/KBLaM,62,2024-08-01 10:26:10+00:00,478
218,datawhalechina/handy-ollama,101,2024-07-30 11:19:41+00:00,1415
107,jingyaogong/minimind,157,2024-07-27 04:34:12+00:00,16859
809,kvcache-ai/ktransformers,38,2024-07-26 07:18:28+00:00,13080
535,awslabs/multi-agent-orchestrator,50,2024-07-23 12:48:30+00:00,4526
115,web-infra-dev/midscene,151,2024-07-23 04:03:50+00:00,7318
496,timerring/bilive,54,2024-07-21 14:02:21+00:00,1098
690,nicbarker/clay,41,2024-07-21 01:40:27+00:00,12796
290,fast/fastrace,79,2024-07-16 09:42:30+00:00,544
207,svcvit/Awesome-Dify-Workflow,104,2024-07-16 04:42:27+00:00,4634
102,hotheadhacker/awesome-selfhost-docker,161,2024-07-15 13:51:26+00:00,2513
764,NirDiamant/RAG_Techniques,39,2024-07-13 16:08:36+00:00,13607
305,yamadashy/repomix,76,2024-07-13 07:11:32+00:00,13644
109,docling-project/docling,155,2024-07-09 07:50:26+00:00,25163
63,cline/cline,255,2024-07-06 07:28:10+00:00,36315
490,zagnox/CPTS-cheatsheet,55,2024-07-05 18:20:35+00:00,217
362,FunAudioLLM/CosyVoice,70,2024-07-03 02:59:22+00:00,12294
668,ZJU-LLMs/Foundations-of-LLMs,42,2024-06-30 06:39:47+00:00,9221
642,exo-explore/exo,43,2024-06-24 18:36:22+00:00,27075
164,pydantic/pydantic-ai,125,2024-06-21 15:55:04+00:00,7589
189,TEN-framework/TEN-Agent,112,2024-06-19 14:26:15+00:00,5339
591,mediar-ai/screenpipe,46,2024-06-19 13:23:56+00:00,12753
224,freelensapp/freelens,100,2024-06-19 10:43:29+00:00,641
130,microsoft/data-formulator,136,2024-06-07 23:01:51+00:00,10831
28,SpigotRCE/ParadiseClient-Fabric,492,2024-05-31 13:42:41+00:00,45
677,DigitalPlatDev/FreeDomain,41,2024-05-30 13:23:00+00:00,41141
265,LadybirdBrowser/ladybird,85,2024-05-30 09:18:10+00:00,36307
538,karpathy/LLM101n,50,2024-05-27 00:23:38+00:00,32907
71,CherryHQ/cherry-studio,237,2024-05-24 01:56:26+00:00,20620
551,sharanv16/delta-executor,49,2024-05-23 18:08:01+00:00,53
203,better-auth/better-auth,106,2024-05-19 21:40:04+00:00,10338
227,TianxingChen/Embodied-AI-Guide,99,2024-05-17 04:29:13+00:00,3605
248,inkonchain/node,91,2024-05-13 23:20:40+00:00,35204
229,unclecode/crawl4ai,98,2024-05-09 09:48:50+00:00,34034
157,Predidit/Kazumi,127,2024-05-09 01:56:22+00:00,7696
243,inkonchain/docs,93,2024-05-07 16:49:36+00:00,35144
533,bluewave-labs/Checkmate,50,2024-04-30 02:44:38+00:00,4715
24,Shubhamsaboo/awesome-llm-apps,517,2024-04-29 05:30:25+00:00,20807
70,glanceapp/glance,238,2024-04-27 18:55:38+00:00,19970
65,mendableai/firecrawl,251,2024-04-15 21:02:29+00:00,32392
661,SmallPond/D-BOT,42,2024-04-13 02:19:08+00:00,50
680,kingjulio8238/Memary,41,2024-04-10 19:51:49+00:00,2087
180,ItzCrazyKns/Perplexica,114,2024-04-09 10:51:32+00:00,20861
33,RSSNext/Folo,395,2024-04-08 03:23:35+00:00,24032
190,shuding/shud.in,110,2024-04-06 22:16:23+00:00,118
120,microsoft/RD-Agent,144,2024-04-03 03:39:33+00:00,3748
314,CBIhalsen/PolyglotPDF,75,2024-03-30 19:11:41+00:00,901
255,zen-browser/desktop,88,2024-03-28 00:05:55+00:00,27569
489,microsoft/graphrag,55,2024-03-27 17:57:52+00:00,23848
401,easychen/one-person-businesses-methodology-v2.0,65,2024-03-27 09:41:20+00:00,5314
628,NapNeko/NapCatQQ,44,2024-03-26 11:44:13+00:00,4109
140,All-Hands-AI/OpenHands,130,2024-03-13 03:33:31+00:00,51179
672,harry0703/MoneyPrinterTurbo,41,2024-03-11 02:57:34+00:00,25675
394,azahar-emu/azahar,66,2024-03-04 21:08:59+00:00,3802
512,ggand0/viewskater,52,2024-03-01 10:01:34+00:00,100
667,zero-peak/ZeroOmega,42,2024-02-29 14:04:39+00:00,3996
221,opendatalab/MinerU,100,2024-02-29 08:52:34+00:00,28978
330,AI4Finance-Foundation/FinRobot,73,2024-02-27 02:30:30+00:00,2775
537,ComposioHQ/composio,50,2024-02-23 13:58:27+00:00,24548
658,cmliu/CF-Workers-SUB,42,2024-02-23 08:37:35+00:00,4888
663,google-deepmind/gemma,42,2024-02-20 18:39:01+00:00,3046
505,hpcaitech/Open-Sora,53,2024-02-20 03:01:34+00:00,25780
670,refly-ai/refly,41,2024-02-19 11:04:30+00:00,3027
707,SciPhi-AI/R2R,40,2024-02-12 03:24:27+00:00,5809
440,hoarder-app/hoarder,61,2024-02-06 12:28:31+00:00,14359
372,daytonaio/daytona,68,2024-02-06 08:21:20+00:00,14731
662,Guovin/iptv-api,42,2024-02-04 11:22:59+00:00,14414
36,mongodb-developer/GenAI-Showcase,358,2024-01-30 14:20:36+00:00,2865
235,huggingface/lerobot,96,2024-01-26 15:50:41+00:00,10847
37,satnaing/shadcn-admin,355,2024-01-26 02:46:42+00:00,6197
432,yuruotong1/autoMate,62,2024-01-20 03:04:09+00:00,2763
23,ageerle/ruoyi-ai,525,2024-01-16 04:16:41+00:00,1489
588,mihonapp/mihon,47,2024-01-15 20:03:57+00:00,12607
232,RVC-Boss/GPT-SoVITS,97,2024-01-14 18:05:21+00:00,43042
385,cuixueshe/earthworm,67,2024-01-11 03:46:38+00:00,7213
83,deepseek-ai/awesome-deepseek-integration,213,2024-01-11 02:43:17+00:00,30003
18,suitenumerique/docs,562,2024-01-09 14:17:32+00:00,9841
459,sgl-project/sglang,59,2024-01-08 04:15:52+00:00,12347
776,nanbingxyz/5ire,39,2024-01-06 06:57:15+00:00,1773
626,danielmiessler/fabric,44,2024-01-03 23:18:31+00:00,30203
388,AIsouler/GKD_subscription,67,2024-01-03 06:40:13+00:00,4815
275,maybe-finance/maybe,83,2024-01-01 22:23:46+00:00,42411
237,prs-eth/thera,95,2023-12-28 11:27:48+00:00,672
542,cmliu/edgetunnel,49,2023-12-27 15:37:22+00:00,20056
66,infiniflow/ragflow,249,2023-12-12 06:13:13+00:00,46367
9,joanrod/star-vector,852,2023-12-11 03:53:55+00:00,1603
376,DevSwanson/how-to-create-memetoken-memecoin,68,2023-12-02 07:51:16+00:00,240
150,unslothai/unsloth,128,2023-11-29 16:50:09+00:00,35637
251,ml-explore/mlx,90,2023-11-28 23:33:45+00:00,19820
427,potamides/DeTikZify,63,2023-11-27 10:27:53+00:00,735
758,yaobiao131/downkyicore,39,2023-11-25 14:00:58+00:00,2972
184,jason5ng32/MyIP,113,2023-11-22 14:46:07+00:00,7938
54,clash-verge-rev/clash-verge-rev,271,2023-11-21 18:24:03+00:00,52170
429,datawhalechina/self-llm,63,2023-11-16 02:31:29+00:00,14039
669,wdndev/llm_interview_note,42,2023-11-08 02:52:13+00:00,6378
288,VikParuchuri/marker,79,2023-10-30 20:14:08+00:00,23304
583,datawhalechina/llm-universe,47,2023-10-29 16:01:22+00:00,7310
316,crewAIInc/crewAI,75,2023-10-27 03:26:59+00:00,28960
104,gofr-dev/gofr,160,2023-10-24 10:14:48+00:00,5317
274,smparsons/retroboy,84,2023-10-18 12:49:31+00:00,835
424,Mobile-Artificial-Intelligence/maid,63,2023-10-17 02:43:31+00:00,1862
503,ZachGoldberg/Startup-CTO-Handbook,53,2023-10-13 16:46:57+00:00,13261
291,letta-ai/letta,79,2023-10-11 07:38:37+00:00,15546
61,open-webui/open-webui,259,2023-10-06 22:08:27+00:00,85250
38,astral-sh/uv,341,2023-10-02 20:24:11+00:00,46041
225,EasyTier/EasyTier,99,2023-09-29 17:03:53+00:00,3237
90,llmware-ai/llmware,190,2023-09-29 15:19:06+00:00,11825
1,hacksider/Deep-Live-Cam,1771,2023-09-24 13:19:31+00:00,47247
29,salikx/image2pdf,484,2023-09-24 11:27:40+00:00,554
14,ByteByteGoHq/system-design-101,631,2023-09-18 20:52:03+00:00,70602
590,1Panel-dev/MaxKB,46,2023-09-14 02:05:12+00:00,14951
44,Cryakl/Ultimate-RAT-Collection,316,2023-09-12 00:41:11+00:00,1189
215,microsoft/autogen,103,2023-08-18 11:43:45+00:00,42078
389,topoteretes/cognee,66,2023-08-16 16:16:33+00:00,1539
606,chen08209/FlClash,46,2023-08-15 07:47:22+00:00,15326
383,marimo-team/marimo,67,2023-08-14 18:56:20+00:00,11778
259,langchain-ai/langgraph,87,2023-08-09 18:33:12+00:00,10590
587,jordanbaird/Ice,47,2023-08-04 22:51:56+00:00,17538
623,docmost/docmost,44,2023-08-03 15:35:48+00:00,12800
612,biomejs/biome,45,2023-07-27 20:30:22+00:00,17851
340,BerriAI/litellm,72,2023-07-27 00:09:52+00:00,19581
97,rasbt/LLMs-from-scratch,174,2023-07-23 18:15:57+00:00,42914
671,drawdb-io/drawdb,41,2023-07-16 17:09:20+00:00,26211
488,hamzafarooq/building-llm-applications-from-scratch,55,2023-07-14 06:08:57+00:00,1491
355,sxyazi/yazi,70,2023-07-08 11:45:55+00:00,23368
92,gkd-kit/gkd,185,2023-07-04 03:59:15+00:00,25572
122,molvqingtai/WebChat,143,2023-06-30 14:41:52+00:00,1958
127,geekan/MetaGPT,138,2023-06-30 09:04:55+00:00,53382
64,ollama/ollama,253,2023-06-26 19:39:32+00:00,134528
544,magicuidesign/magicui,49,2023-06-26 19:17:10+00:00,15492
643,langchain4j/langchain4j,43,2023-06-20 15:30:29+00:00,6601
212,CodePhiliaX/Chat2DB,103,2023-06-20 14:05:26+00:00,21561
121,mem0ai/mem0,144,2023-06-20 08:58:36+00:00,26672
80,microsoft/generative-ai-for-beginners,218,2023-06-19 16:28:59+00:00,75749
463,CopilotKit/CopilotKit,58,2023-06-19 04:08:31+00:00,17619
464,e2b-dev/awesome-ai-agents,57,2023-06-19 00:20:06+00:00,16298
333,mlabonne/llm-course,73,2023-06-17 22:16:25+00:00,48449
531,clockworklabs/SpacetimeDB,51,2023-06-17 07:28:29+00:00,10778
574,da-luce/astroterm,48,2023-06-16 02:43:30+00:00,826
408,NanmiCoder/MediaCrawler,65,2023-06-09 12:14:34+00:00,21070
252,Mintplex-Labs/anything-llm,89,2023-06-04 02:29:14+00:00,41645
158,hiyouga/LLaMA-Factory,127,2023-05-28 10:09:12+00:00,45134
520,continuedev/continue,52,2023-05-24 03:39:39+00:00,24841
600,vercel/ai,46,2023-05-23 15:04:08+00:00,12885
282,liguodongiot/llm-action,81,2023-05-23 05:29:16+00:00,15636
605,HqWu-HITCS/Awesome-Chinese-LLM,46,2023-05-22 12:27:03+00:00,19111
800,nikitabobko/AeroSpace,39,2023-05-21 20:20:17+00:00,11155
992,hiddify/hiddify-app,37,2023-05-21 11:30:14+00:00,20202
193,lobehub/lobe-chat,110,2023-05-21 07:19:12+00:00,58119
636,vercel/ai-chatbot,44,2023-05-19 16:36:23+00:00,14273
689,langfuse/langfuse,41,2023-05-18 17:47:09+00:00,9670
26,unionlabs/union,510,2023-05-16 22:33:39+00:00,48904
630,comet-ml/opik,44,2023-05-10 12:57:13+00:00,5819
245,Aider-AI/aider,93,2023-05-09 18:57:49+00:00,29809
269,AntonOsika/gpt-engineer,85,2023-04-29 12:52:15+00:00,53549
696,datawhalechina/llm-cookbook,40,2023-04-28 16:03:37+00:00,16420
465,chatanywhere/GPT_API_free,57,2023-04-23 12:42:08+00:00,28444
417,sinaptik-ai/pandas-ai,64,2023-04-22 12:58:01+00:00,18522
471,songquanpeng/one-api,57,2023-04-22 12:39:24+00:00,23966
659,eosphoros-ai/DB-GPT,42,2023-04-13 14:52:43+00:00,15731
20,langgenius/dify,546,2023-04-12 07:40:24+00:00,85356
6,hect0x7/JMComic-Crawler-Python,919,2023-04-02 14:21:48+00:00,2194
797,FlowiseAI/Flowise,39,2023-03-31 12:23:09+00:00,36502
629,xtekky/gpt4free,44,2023-03-29 17:00:43+00:00,63904
575,RVC-Project/Retrieval-based-Voice-Conversion-WebUI,48,2023-03-27 09:59:10+00:00,28123
700,mudler/LocalAI,40,2023-03-18 22:58:02+00:00,31201
416,camel-ai/camel,64,2023-03-17 21:41:54+00:00,11056
261,Significant-Gravitas/AutoGPT,86,2023-03-16 09:21:07+00:00,173754
645,getcursor/cursor,43,2023-03-12 00:19:42+00:00,28809
241,ggml-org/llama.cpp,94,2023-03-10 18:58:00+00:00,77106
501,ChatGPTNextWeb/NextChat,54,2023-03-10 18:27:54+00:00,82185
523,chatboxai/chatbox,51,2023-03-06 12:22:15+00:00,33598
683,yihong0618/bilingual_book_maker,41,2023-03-02 01:14:25+00:00,8243
242,DevSwanson/smart-contract-honeypot,94,2023-02-26 08:26:58+00:00,334
406,DevSwanson/create-honeypot-token,65,2023-02-26 02:59:25+00:00,278
413,labring/FastGPT,64,2023-02-23 16:53:25+00:00,23041
448,Hannibal046/Awesome-LLM,60,2023-02-17 14:12:21+00:00,22301
481,danny-avila/LibreChat,56,2023-02-12 01:06:52+00:00,23587
855,AI4Finance-Foundation/FinGPT,38,2023-02-11 20:21:34+00:00,15522
666,MHSanaei/3x-ui,42,2023-02-09 19:16:57+00:00,17966
105,vllm-project/vllm,159,2023-02-09 11:23:20+00:00,42501
409,SillyTavern/SillyTavern,65,2023-02-09 10:19:24+00:00,12704
96,langflow-ai/langflow,175,2023-02-08 22:28:03+00:00,52731
466,lightpanda-io/browser,57,2023-02-07 15:19:34+00:00,7550
94,Stirling-Tools/Stirling-PDF,181,2023-01-27 18:22:42+00:00,54782
171,xpipe-io/xpipe,122,2023-01-27 02:25:38+00:00,10005
467,daeuniverse/dae,57,2023-01-23 11:53:16+00:00,3992
82,comfyanonymous/ComfyUI,215,2023-01-17 03:15:56+00:00,72137
435,lyr408/Hotfix,62,2023-01-14 13:58:38+00:00,438
192,schlagmichdoch/PairDrop,110,2023-01-07 13:25:11+00:00,6184
194,shadcn-ui/ui,109,2023-01-04 12:43:27+00:00,83942
381,soybeanjs/soybean-ui,67,2022-12-20 13:14:46+00:00,81
810,ZGGSONG/STranslate,38,2022-12-17 13:40:24+00:00,3288
592,dair-ai/Prompt-Engineering-Guide,46,2022-12-16 16:04:50+00:00,54389
300,localsend/localsend,77,2022-12-16 00:46:07+00:00,59243
499,xiaye13579/BBLL,54,2022-12-12 01:49:07+00:00,15061
695,vastsa/FileCodeBox,40,2022-12-09 11:10:08+00:00,6175
159,Soulter/AstrBot,126,2022-12-08 13:27:46+00:00,6502
438,RockChinQ/LangBot,62,2022-12-07 08:48:02+00:00,9898
285,f/awesome-chatgpt-prompts,80,2022-12-05 13:54:13+00:00,121956
713,lss233/kirara-ai,40,2022-12-05 13:14:58+00:00,14763
614,twentyhq/twenty,45,2022-12-01 13:04:40+00:00,27263
684,UFund-Me/Qbot,41,2022-11-23 01:37:43+00:00,10713
103,makeplane/plane,160,2022-11-19 12:55:01+00:00,34663
128,krahets/hello-algo,137,2022-11-04 11:08:34+00:00,110948
613,run-llama/llama_index,45,2022-11-02 04:24:54+00:00,40319
404,shadps4-emu/shadPS4,65,2022-10-24 09:48:37+00:00,19289
108,langchain-ai/langchain,157,2022-10-17 02:58:36+00:00,104122
178,mnfst/manifest,115,2022-09-27 16:33:35+00:00,2239
697,ggerganov/whisper.cpp,40,2022-09-25 18:26:37+00:00,38716
163,openai/whisper,125,2022-09-16 20:02:54+00:00,78814
284,ultralytics/ultralytics,80,2022-09-11 16:39:45+00:00,38431
321,DiceDB/dice,74,2022-08-31 19:01:22+00:00,9546
101,akira-cn/moyu,167,2022-08-31 04:40:03+00:00,1691
296,AUTOMATIC1111/stable-diffusion-webui,78,2022-08-22 14:05:26+00:00,149862
358,hippiiee/osgint,70,2022-08-21 13:33:26+00:00,255
304,astral-sh/ruff,77,2022-08-09 17:17:44+00:00,37124
913,zhanymkanov/fastapi-best-practices,37,2022-08-09 06:03:38+00:00,11012
511,MathFoundationRL/Book-Mathematical-Foundation-of-Reinforcement-Learning,52,2022-08-07 06:22:20+00:00,7759
585,GyulyVGC/sniffnet,47,2022-07-31 21:55:56+00:00,23044
276,toeverything/AFFiNE,83,2022-07-31 18:45:21+00:00,48829
573,open-ani/animeko,48,2022-07-31 17:38:49+00:00,4136
136,imputnet/cobalt,133,2022-07-08 18:12:55+00:00,29876
624,pocketbase/pocketbase,44,2022-07-05 06:06:21+00:00,44823
596,nvim-lua/kickstart.nvim,46,2022-06-24 03:11:24+00:00,23103
425,MetaCubeX/ClashMetaForAndroid,63,2022-06-07 06:38:00+00:00,20515
58,agno-agi/agno,261,2022-05-04 15:23:02+00:00,21745
369,ChrisTitusTech/winutil,69,2022-04-28 02:25:19+00:00,31679
474,hagezi/dns-blocklists,57,2022-04-25 07:13:09+00:00,9910
19,subframe7536/maple-font,557,2022-04-08 15:51:22+00:00,12177
367,AccumulateMore/CV,69,2022-03-31 13:19:32+00:00,8425
384,ghostty-org/ghostty,67,2022-03-29 17:38:26+00:00,28692
217,hiroi-sora/Umi-OCR,101,2022-03-28 04:01:46+00:00,31203
111,heyverse/hey,155,2022-03-19 15:01:46+00:00,27984
607,moghtech/komodo,45,2022-03-13 09:14:50+00:00,3668
175,immich-app/immich,119,2022-02-03 15:56:27+00:00,62024
253,Steam-Headless/docker-steam-headless,89,2022-01-10 09:49:01+00:00,1546
491,keisku/kubectl-explore,54,2022-01-01 14:18:36+00:00,439
555,linera-io/linera-protocol,49,2021-12-19 04:09:21+00:00,20281
884,NickvisionApps/Parabolic,38,2021-12-18 16:43:09+00:00,2062
254,tonquer/JMComic-qt,89,2021-12-17 03:55:50+00:00,2621
688,LizardByte/Sunshine,41,2021-12-15 23:38:57+00:00,23812
649,usememos/memos,43,2021-12-08 15:30:18+00:00,38455
674,waydabber/BetterDisplay,41,2021-10-24 08:32:56+00:00,23363
497,PKUFlyingPig/cs-self-learning,54,2021-10-20 13:43:42+00:00,61285
73,AutomaApp/automa,236,2021-10-02 08:48:43+00:00,15786
521,maboloshi/github-chinese,51,2021-09-27 08:47:55+00:00,8457
540,wanghao221/moyu,50,2021-09-22 03:10:47+00:00,781
200,khoj-ai/khoj,107,2021-08-16 01:48:44+00:00,26916
199,FelixKratz/SketchyBar,107,2021-08-13 14:28:04+00:00,8228
593,louislam/uptime-kuma,46,2021-07-03 01:02:42+00:00,66288
568,AppFlowy-IO/AppFlowy,48,2021-06-16 12:56:48+00:00,61605
349,alan2207/bulletproof-react,71,2021-05-30 14:47:16+00:00,30477
715,MetaCubeX/mihomo,40,2021-05-20 11:06:33+00:00,19041
726,aristocratos/btop,40,2021-05-06 18:40:21+00:00,23800
370,searxng/searxng,69,2021-04-12 15:18:15+00:00,17731
675,withastro/astro,41,2021-03-15 17:19:47+00:00,49978
249,zed-industries/zed,91,2021-02-20 03:01:06+00:00,56063
129,KRTirtho/spotube,136,2021-02-14 03:17:58+00:00,38778
81,tdewolff/argp,217,2021-02-07 13:48:44+00:00,259
439,coollabsio/coolify,61,2021-01-25 20:54:01+00:00,38775
373,YunaiV/ruoyi-vue-pro,68,2021-01-24 03:18:25+00:00,29909
507,DioxusLabs/dioxus,53,2021-01-15 01:57:26+00:00,26138
716,AlistGo/alist,40,2020-12-23 17:40:29+00:00,47234
16,OpenBB-finance/OpenBB,581,2020-12-20 10:46:38+00:00,39051
685,openai/CLIP,41,2020-12-16 11:24:42+00:00,28057
27,microsoft/Web-Dev-For-Beginners,498,2020-11-10 02:44:00+00:00,86649
352,b-editor/beutl,70,2020-10-27 03:58:00+00:00,463
40,yt-dlp/yt-dlp,333,2020-10-26 04:22:55+00:00,105281
256,vitling/autotracker,88,2020-10-22 16:41:32+00:00,225
209,rustdesk/rustdesk,104,2020-09-28 15:36:08+00:00,84711
578,qarmin/czkawka,47,2020-09-01 17:37:29+00:00,22721
543,siyuan-note/siyuan,49,2020-08-30 09:21:35+00:00,33424
504,labmlai/annotated_deep_learning_paper_implementations,53,2020-08-25 02:29:34+00:00,59399
124,microsoft/qlib,142,2020-08-14 06:46:00+00:00,17584
183,nilaoda/BBDown,114,2020-07-26 11:43:28+00:00,10938
547,trpc/trpc,49,2020-07-18 01:17:11+00:00,36608
804,vbenjs/vue-vben-admin,39,2020-07-11 02:29:21+00:00,27304
796,lucide-icons/lucide,39,2020-06-08 15:36:21+00:00,16255
702,logseq/logseq,40,2020-05-23 00:06:06+00:00,35644
524,coqui-ai/TTS,51,2020-05-20 15:45:28+00:00,38778
922,ultralytics/yolov5,37,2020-05-18 03:45:11+00:00,53078
581,pola-rs/polars,47,2020-05-13 19:45:33+00:00,32592
293,PaddlePaddle/PaddleOCR,78,2020-05-08 10:38:16+00:00,47708
487,CorentinTh/it-tools,55,2020-04-05 11:50:24+00:00,28025
616,huggingface/trl,45,2020-03-27 10:54:55+00:00,12760
234,Anduin2017/HowToCook,96,2020-02-29 10:43:49+00:00,69760
714,docker/awesome-compose,40,2020-02-13 08:51:42+00:00,38106
415,wasp-lang/wasp,64,2020-01-30 13:48:54+00:00,15899
554,PostHog/posthog,49,2020-01-23 22:46:58+00:00,25194
52,massgravel/Microsoft-Activation-Scripts,278,2020-01-12 23:03:34+00:00,127211
85,excalidraw/excalidraw,211,2020-01-02 01:04:43+00:00,95544
268,youngyangyang04/leetcode-master,85,2019-12-14 12:05:42+00:00,54990
336,microsoft/playwright,73,2019-11-15 18:32:42+00:00,70705
303,supabase/supabase,77,2019-10-12 05:56:49+00:00,79692
679,kingToolbox/WindTerm,41,2019-10-09 19:56:09+00:00,25602
77,bregman-arie/devops-exercises,229,2019-10-03 17:31:21+00:00,70933
722,milvus-io/milvus,40,2019-09-16 06:43:43+00:00,33528
569,markbucko12341/wave-executor,48,2019-09-14 23:58:09+00:00,59
213,emmabostian/developer-portfolios,103,2019-09-13 14:18:58+00:00,12568
790,viraptor/reverse-interview,39,2019-09-08 13:38:40+00:00,28029
484,hoppscotch/hoppscotch,56,2019-08-21 13:15:24+00:00,70459
223,2dust/v2rayN,100,2019-07-30 03:47:24+00:00,77070
564,xyflow/xyflow,48,2019-07-15 14:47:30+00:00,28448
348,tauri-apps/tauri,71,2019-07-13 09:09:37+00:00,90817
17,Devolutions/IronRDP,565,2019-07-10 21:04:54+00:00,1815
25,n8n-io/n8n,512,2019-06-22 09:24:21+00:00,70196
532,msadowski/awesome-weekly-robotics,50,2019-06-05 10:38:39+00:00,770
431,vitabaks/autobase,62,2019-06-04 13:26:17+00:00,2380
368,gedoor/legado,69,2019-05-22 04:18:58+00:00,33296
582,2dust/v2rayNG,47,2019-05-15 02:15:31+00:00,39348
528,microsoft/PowerToys,51,2019-05-01 17:44:02+00:00,116540
615,supermacro/neverthrow,45,2019-04-28 05:02:32+00:00,4939
745,pmndrs/zustand,39,2019-04-09 09:10:06+00:00,51146
437,NationalSecurityAgency/ghidra,62,2019-03-01 03:27:48+00:00,55630
472,fastapi/full-stack-fastapi-template,57,2019-02-23 15:08:34+00:00,31359
518,Roo7K1d/Solara-V3,52,2019-02-22 20:34:53+00:00,94
781,GitHubDaily/GitHubDaily,39,2018-12-30 13:56:58+00:00,36855
458,jellyfin/jellyfin,59,2018-12-09 06:36:45+00:00,38126
380,fastapi/fastapi,68,2018-12-08 08:21:47+00:00,82418
651,motiondivision/motion,43,2018-11-16 09:48:38+00:00,27825
502,iptv-org/iptv,54,2018-11-14 22:00:57+00:00,91244
216,huggingface/transformers,102,2018-10-29 13:56:00+00:00,141849
570,ruanyf/weekly,48,2018-10-13 12:36:07+00:00,53487
510,fighting41love/funNLP,53,2018-08-21 11:20:39+00:00,71903
777,OI-wiki/OI-wiki,39,2018-07-11 03:28:14+00:00,22522
567,duckdb/duckdb,48,2018-06-26 15:04:45+00:00,27913
114,trimstray/the-book-of-secret-knowledge,152,2018-06-23 10:43:14+00:00,161420
647,Flagsmith/flagsmith,43,2018-06-05 10:49:57+00:00,5483
494,jesseduffield/lazygit,54,2018-05-19 00:53:06+00:00,58005
5,codecrafters-io/build-your-own-x,981,2018-05-09 12:03:18+00:00,362633
798,Snailclimb/JavaGuide,39,2018-05-07 13:27:00+00:00,148862
949,DIYgod/RSSHub,37,2018-04-02 14:43:21+00:00,35805
911,trekhleb/javascript-algorithms,38,2018-03-24 07:47:04+00:00,190668
654,Lissy93/personal-security-checklist,43,2018-03-02 21:12:37+00:00,18189
186,jackfrued/Python-100-Days,112,2018-03-01 16:05:52+00:00,162860
446,FreeTubeApp/FreeTube,60,2018-02-28 02:54:01+00:00,17236
627,dani-garcia/vaultwarden,44,2018-02-17 22:40:20+00:00,42856
601,CyC2018/CS-Notes,46,2018-02-13 14:56:24+00:00,179504
55,kelseyhightower/nocode,265,2018-02-06 23:54:00+00:00,62066
634,binhnguyennus/awesome-scalability,44,2017-12-27 03:46:40+00:00,61072
426,kekingcn/kkFileView,63,2017-12-12 11:41:08+00:00,12074
264,Genymobile/scrcpy,86,2017-11-21 18:00:27+00:00,119503
987,containers/podman,37,2017-11-01 15:01:27+00:00,25905
482,nocodb/nocodb,56,2017-10-29 18:51:48+00:00,53216
257,d2l-ai/d2l-zh,88,2017-08-23 04:40:24+00:00,67541
595,freqtrade/freqtrade,46,2017-05-17 23:48:53+00:00,37461
99,sharkdp/fd,171,2017-05-09 21:27:10+00:00,37078
68,practical-tutorials/project-based-learning,240,2017-04-12 05:07:46+00:00,222083
139,kamranahmedse/developer-roadmap,130,2017-03-15 13:45:52+00:00,312441
42,donnemartin/system-design-primer,327,2017-02-26 16:15:28+00:00,294122
698,facebookresearch/faiss,40,2017-02-07 16:07:05+00:00,33876
347,TarsCloud/Tars,71,2017-01-18 07:51:52+00:00,9885
652,sveltejs/svelte,43,2016-11-20 18:13:05+00:00,81936
418,vercel/next.js,64,2016-10-05 23:32:51+00:00,130513
239,tsl0922/ttyd,95,2016-09-13 01:43:54+00:00,8655
691,topjohnwu/Magisk,41,2016-09-08 12:42:53+00:00,51638
725,expo/expo,40,2016-08-15 17:14:25+00:00,38461
399,pytorch/pytorch,65,2016-08-13 05:26:41+00:00,88201
430,jaywcjlove/awesome-mac,63,2016-07-17 15:33:47+00:00,81213
377,TheAlgorithms/Python,68,2016-07-16 09:44:01+00:00,198709
155,yangshun/tech-interview-handbook,127,2016-07-05 05:00:48+00:00,124556
298,jwasham/coding-interview-university,77,2016-06-06 02:34:12+00:00,313542
211,521xueweihan/HelloGitHub,103,2016-05-04 06:24:11+00:00,100187
846,ngosang/trackerslist,38,2016-04-24 11:57:57+00:00,49184
366,Hack-with-Github/Awesome-Hacking,69,2016-03-30 15:47:10+00:00,90400
354,Alvin9999/new-pac,70,2016-03-23 08:43:36+00:00,59658
98,public-apis/public-apis,173,2016-03-20 23:49:42+00:00,333786
536,phdbrianlee/Luna-Executor,50,2016-03-18 12:08:35+00:00,63
858,BurntSushi/ripgrep,38,2016-03-11 02:02:33+00:00,51261
390,fatedier/frp,66,2015-12-21 15:24:59+00:00,91819
118,NARKOZ/hacker-scripts,146,2015-11-21 19:05:09+00:00,48220
866,tensorflow/tensorflow,38,2015-11-07 01:19:20+00:00,188813
594,MunGell/awesome-for-beginners,46,2015-10-24 19:53:36+00:00,72632
454,termux/termux-app,59,2015-10-23 09:42:46+00:00,39987
682,rust-lang/rustlings,41,2015-09-15 02:25:18+00:00,57144
457,microsoft/vscode,59,2015-09-03 20:23:38+00:00,169125
277,kilimchoi/engineering-blogs,82,2015-06-13 18:25:17+00:00,32861
48,awesome-selfhosted/awesome-selfhosted,301,2015-06-01 02:33:17+00:00,221905
344,gorhill/uBlock,72,2015-04-01 17:51:11+00:00,51979
653,3b1b/manim,43,2015-03-22 18:50:58+00:00,76326
560,ripienaar/free-for-dev,48,2015-03-18 21:06:26+00:00,93053
986,flutter/flutter,37,2015-03-06 22:54:58+00:00,169329
453,vnpy/vnpy,59,2015-03-02 03:36:58+00:00,28428
550,kern/filepizza,49,2015-02-25 23:29:26+00:00,7071
761,minio/minio,39,2015-01-14 19:23:58+00:00,51041
973,caddyserver/caddy,37,2015-01-13 19:45:03+00:00,62427
486,konvajs/konva,55,2015-01-09 10:14:35+00:00,12480
113,freeCodeCamp/freeCodeCamp,153,2014-12-24 17:49:19+00:00,414125
356,mermaid-js/mermaid,70,2014-11-01 23:52:32+00:00,77218
981,Cysharp/ZLinq,37,2014-10-24 14:02:03+00:00,1378
622,shadowsocks/shadowsocks-rust,44,2014-10-15 11:02:36+00:00,9214
739,aseprite/aseprite,39,2014-08-19 23:44:50+00:00,31319
757,golang/go,39,2014-08-19 04:33:40+00:00,126700
563,tesseract-ocr/tesseract,48,2014-08-12 18:04:59+00:00,65603
673,rust-unofficial/awesome-rust,41,2014-07-17 10:45:10+00:00,49434
53,sindresorhus/awesome,276,2014-07-11 13:42:37+00:00,352912
166,avelino/awesome-go,124,2014-07-06 13:42:15+00:00,140433
84,vinta/awesome-python,212,2014-06-27 21:00:06+00:00,238140
599,gin-gonic/gin,46,2014-06-16 23:57:25+00:00,81002
617,kubernetes/kubernetes,45,2014-06-06 22:56:04+00:00,113940
62,ossu/computer-science,257,2014-05-04 00:18:39+00:00,176994
59,chrislgarry/Apollo-11,261,2014-04-03 15:45:02+00:00,61188
462,neovim/neovim,58,2014-01-31 13:39:22+00:00,87547
308,godotengine/godot,76,2014-01-04 16:05:36+00:00,95467
3,ocrmypdf/OCRmyPDF,1379,2013-12-20 08:26:28+00:00,24311
228,papers-we-love/papers-we-love,98,2013-12-15 14:31:41+00:00,91851
260,syncthing/syncthing,87,2013-11-26 09:48:21+00:00,68841
398,justjavac/free-programming-books-zh_CN,66,2013-11-04 01:59:19+00:00,113076
681,junegunn/fzf,41,2013-10-23 16:04:23+00:00,68831
181,EbookFoundation/free-programming-books,114,2013-10-11 06:50:37+00:00,353788
566,ShareX/ShareX,48,2013-10-08 23:32:10+00:00,31597
664,obsproject/obs-studio,42,2013-10-01 02:40:31+00:00,63027
508,home-assistant/core,53,2013-09-17 07:29:48+00:00,77291
441,uutils/coreutils,61,2013-08-02 16:22:56+00:00,19563
718,gohugoio/hugo,40,2013-07-04 15:26:26+00:00,78972
451,facebook/react,60,2013-05-24 16:15:54+00:00,233576
894,electron/electron,38,2013-04-12 01:47:36+00:00,116046
258,mortdeus/legacy-cc,88,2013-03-01 13:58:26+00:00,3952
231,d2phap/ImageGlass,97,2012-12-30 16:13:14+00:00,9397
646,prometheus/prometheus,43,2012-11-24 11:14:12+00:00,57847
618,hrydgard/ppsspp,45,2012-11-01 08:41:48+00:00,11999
733,NixOS/nixpkgs,39,2012-06-04 02:49:46+00:00,19791
222,torvalds/linux,100,2011-09-04 22:48:12+00:00,190191
945,frappe/erpnext,37,2011-06-08 08:20:56+00:00,24195
434,FFmpeg/FFmpeg,62,2011-04-14 14:12:38+00:00,48603
742,rust-lang/rust,39,2010-06-16 20:39:03+00:00,102230
527,ohmyzsh/ohmyzsh,51,2009-08-28 18:15:37+00:00,176947
513,dreamstart6730/Xeno-Executor,52,,
640,archetyp648/xnecxjs,43,,
808,aggravatinga/core,38,,
